date,dateFa,yearFa,monthFa,dwnldTB,upldTB,sumTB,fileLink
2021-03-24,1400-01-04,1400,01,359.4,35.2,394.6,https://10.1.33.80/report-khorasan-razavi/daily_report_kh-razavi_2021-03-24.csv
2021-03-18,1399-12-28,1399,12,371.2,38.2,409.4,https://10.1.33.80/report-khorasan-razavi/daily_report_kh-razavi_2021-03-18.csv
2021-03-17,1399-12-27,1399,12,720,76.9,796.9,https://10.1.33.80/report-khorasan-razavi/daily_report_kh-razavi_2021-03-17.csv
2021-03-10,1399-12-20,1399,12,417.3,45.5,462.8,https://10.1.33.80/report-khorasan-razavi/daily_report_kh-razavi_2021-03-10.csv
2021-03-16,1399-12-26,1399,12,385.1,41.1,426.2,https://10.1.33.80/report-khorasan-razavi/daily_report_kh-razavi_2021-03-16.csv
2021-03-21,1400-01-01,1400,01,626.2,66.5,692.7,https://10.1.33.80/report-khorasan-razavi/daily_report_kh-razavi_2021-03-21.csv
2021-03-23,1400-01-03,1400,01,617.2,61.2,678.4,https://10.1.33.80/report-khorasan-razavi/daily_report_kh-razavi_2021-03-23.csv
2021-04-11,1400-01-22,1400,01,421.8,47.4,469.2,https://10.1.33.80/report-khorasan-razavi/daily_report_kh-razavi_2021-04-11.csv
2021-04-03,1400-01-14,1400,01,436.4,46.9,483.3,https://10.1.33.80/report-khorasan-razavi/daily_report_kh-razavi_2021-04-03.csv
2021-04-01,1400-01-12,1400,01,345.9,34.3,380.2,https://10.1.33.80/report-khorasan-razavi/daily_report_kh-razavi_2021-04-01.csv
2021-04-02,1400-01-13,1400,01,574.6,57.9,632.5,https://10.1.33.80/report-khorasan-razavi/daily_report_kh-razavi_2021-04-02.csv
2021-03-25,1400-01-05,1400,01,653.3,64.2,717.5,https://10.1.33.80/report-khorasan-razavi/daily_report_kh-razavi_2021-03-25.csv
2021-03-28,1400-01-08,1400,01,392.2,39.7,431.9,https://10.1.33.80/report-khorasan-razavi/daily_report_kh-razavi_2021-03-28.csv
2021-04-07,1400-01-18,1400,01,430.3,46.5,476.8,https://10.1.33.80/report-khorasan-razavi/daily_report_kh-razavi_2021-04-07.csv
2021-04-04,1400-01-15,1400,01,810.8,87.6,898.4,https://10.1.33.80/report-khorasan-razavi/daily_report_kh-razavi_2021-04-04.csv
2021-04-13,1400-01-24,1400,01,431.3,48.3,479.6,https://10.1.33.80/report-khorasan-razavi/daily_report_kh-razavi_2021-04-13.csv
2021-04-06,1400-01-17,1400,01,793.8,85.9,879.7,https://10.1.33.80/report-khorasan-razavi/daily_report_kh-razavi_2021-04-06.csv
2021-04-14,1400-01-25,1400,01,818.7,91.2,909.9,https://10.1.33.80/report-khorasan-razavi/daily_report_kh-razavi_2021-04-14.csv
2021-04-16,1400-01-27,1400,01,789.6,81.6,871.2,https://10.1.33.80/report-khorasan-razavi/daily_report_kh-razavi_2021-04-16.csv
2021-04-08,1400-01-19,1400,01,767.1,81.8,848.9,https://10.1.33.80/report-khorasan-razavi/daily_report_kh-razavi_2021-04-08.csv
2021-04-09,1400-01-20,1400,01,374,38,412,https://10.1.33.80/report-khorasan-razavi/daily_report_kh-razavi_2021-04-09.csv
2021-04-20,1400-01-31,1400,01,821.5,90.5,912,https://10.1.33.80/report-khorasan-razavi/daily_report_kh-razavi_2021-04-20.csv
2021-04-15,1400-01-26,1400,01,441.8,46.3,488.1,https://10.1.33.80/report-khorasan-razavi/daily_report_kh-razavi_2021-04-15.csv
2021-04-12,1400-01-23,1400,01,784.7,88.1,872.8,https://10.1.33.80/report-khorasan-razavi/daily_report_kh-razavi_2021-04-12.csv
2021-04-17,1400-01-28,1400,01,461.5,50.3,511.8,https://10.1.33.80/report-khorasan-razavi/daily_report_kh-razavi_2021-04-17.csv
2021-04-19,1400-01-30,1400,01,451.4,49.8,501.2,https://10.1.33.80/report-khorasan-razavi/daily_report_kh-razavi_2021-04-19.csv
2021-04-18,1400-01-29,1400,01,840.3,91.9,932.2,https://10.1.33.80/report-khorasan-razavi/daily_report_kh-razavi_2021-04-18.csv
2021-04-21,1400-02-01,1400,02,464.9,50,514.9,https://10.1.33.80/report-khorasan-razavi/daily_report_kh-razavi_2021-04-21.csv
2021-05-08,1400-02-18,1400,02,782.3,80.8,863.1,https://10.1.33.80/report-khorasan-razavi/daily_report_kh-razavi_2021-05-08.csv
2021-05-09,1400-02-19,1400,02,437.7,47,484.7,https://10.1.33.80/report-khorasan-razavi/daily_report_kh-razavi_2021-05-09.csv
2021-05-10,1400-02-20,1400,02,789.8,85.2,875,https://10.1.33.80/report-khorasan-razavi/daily_report_kh-razavi_2021-05-10.csv
2021-05-21,1400-02-31,1400,02,506.7,50.5,557.2,https://10.1.33.80/report-khorasan-razavi/daily_report_kh-razavi_2021-05-21.csv
2021-05-12,1400-02-22,1400,02,830.9,86.8,917.7,https://10.1.33.80/report-khorasan-razavi/daily_report_kh-razavi_2021-05-12.csv
2021-05-14,1400-02-24,1400,02,692,67.6,759.6,https://10.1.33.80/report-khorasan-razavi/daily_report_kh-razavi_2021-05-14.csv
2021-05-11,1400-02-21,1400,02,446.8,47.1,493.9,https://10.1.33.80/report-khorasan-razavi/daily_report_kh-razavi_2021-05-11.csv
2021-05-22,1400-03-01,1400,03,988.5,101.6,1090.1,https://10.1.33.80/report-khorasan-razavi/daily_report_kh-razavi_2021-05-22.csv
2021-05-15,1400-02-25,1400,02,433.2,45.5,478.7,https://10.1.33.80/report-khorasan-razavi/daily_report_kh-razavi_2021-05-15.csv
2021-05-13,1400-02-23,1400,02,394.8,38.4,433.2,https://10.1.33.80/report-khorasan-razavi/daily_report_kh-razavi_2021-05-13.csv
2021-05-16,1400-02-26,1400,02,786,83.4,869.4,https://10.1.33.80/report-khorasan-razavi/daily_report_kh-razavi_2021-05-16.csv
2021-05-23,1400-03-02,1400,03,515.8,54.2,570,https://10.1.33.80/report-khorasan-razavi/daily_report_kh-razavi_2021-05-23.csv
2021-05-18,1400-02-28,1400,02,872,93.8,965.8,https://10.1.33.80/report-khorasan-razavi/daily_report_kh-razavi_2021-05-18.csv
2021-05-19,1400-02-29,1400,02,546.3,57.6,603.9,https://10.1.33.80/report-khorasan-razavi/daily_report_kh-razavi_2021-05-19.csv
2021-05-20,1400-02-30,1400,02,1030.3,106.8,1137.1,https://10.1.33.80/report-khorasan-razavi/daily_report_kh-razavi_2021-05-20.csv
2021-06-13,1400-03-23,1400,03,1061.6,113.4,1175,https://10.1.33.80/report-khorasan-razavi/daily_report_kh-razavi_2021-06-13.csv
2021-06-11,1400-03-21,1400,03,1033.8,104.7,1138.5,https://10.1.33.80/report-khorasan-razavi/daily_report_kh-razavi_2021-06-11.csv
2021-07-13,1400-04-22,1400,04,1077.7,111,1188.7,https://10.1.33.80/report-khorasan-razavi/daily_report_kh-razavi_2021-07-13.csv
2021-06-23,1400-04-02,1400,04,1046.6,113.2,1159.8,https://10.1.33.80/report-khorasan-razavi/daily_report_kh-razavi_2021-06-23.csv
2021-06-21,1400-03-31,1400,03,1039.3,113.3,1152.6,https://10.1.33.80/report-khorasan-razavi/daily_report_kh-razavi_2021-06-21.csv
2021-06-20,1400-03-30,1400,03,548.7,59.6,608.3,https://10.1.33.80/report-khorasan-razavi/daily_report_kh-razavi_2021-06-20.csv
2021-06-18,1400-03-28,1400,03,490.7,51.1,541.8,https://10.1.33.80/report-khorasan-razavi/daily_report_kh-razavi_2021-06-18.csv
2021-06-16,1400-03-26,1400,03,544.2,58.9,603.1,https://10.1.33.80/report-khorasan-razavi/daily_report_kh-razavi_2021-06-16.csv
2021-06-24,1400-04-03,1400,04,536.3,55,591.3,https://10.1.33.80/report-khorasan-razavi/daily_report_kh-razavi_2021-06-24.csv
2021-06-22,1400-04-01,1400,04,543.8,59.4,603.2,https://10.1.33.80/report-khorasan-razavi/daily_report_kh-razavi_2021-06-22.csv
2021-07-12,1400-04-21,1400,04,564.9,57.7,622.6,https://10.1.33.80/report-khorasan-razavi/daily_report_kh-razavi_2021-07-12.csv
2021-07-14,1400-04-23,1400,04,570.5,58.3,628.8,https://10.1.33.80/report-khorasan-razavi/daily_report_kh-razavi_2021-07-14.csv
2021-05-01,1400-02-11,1400,02,454,48.3,502.3,https://10.1.33.80/report-khorasan-razavi/daily_report_kh-razavi_2021-05-01.csv
2021-04-26,1400-02-06,1400,02,842.6,91.9,934.5,https://10.1.33.80/report-khorasan-razavi/daily_report_kh-razavi_2021-04-26.csv
2021-04-24,1400-02-04,1400,02,810.8,85,895.8,https://10.1.33.80/report-khorasan-razavi/daily_report_kh-razavi_2021-04-24.csv
2021-04-22,1400-02-02,1400,02,824.2,87.5,911.7,https://10.1.33.80/report-khorasan-razavi/daily_report_kh-razavi_2021-04-22.csv
2020-11-01,1399-08-11,1399,08,301.1,35.7,336.8,https://10.1.33.80/report-khorasan-razavi/daily_report_kh-razavi_2020-11-01.csv
2021-07-17,1400-04-26,1400,04,1044.9,106.9,1151.8,https://10.1.33.80/report-khorasan-razavi/daily_report_kh-razavi_2021-07-17.csv
2021-07-15,1400-04-24,1400,04,1072.4,109.4,1181.8,https://10.1.33.80/report-khorasan-razavi/daily_report_kh-razavi_2021-07-15.csv
2020-11-11,1399-08-21,1399,08,329.6,39.3,368.9,https://10.1.33.80/report-khorasan-razavi/daily_report_kh-razavi_2020-11-11.csv
2020-11-12,1399-08-22,1399,08,316.2,36.5,352.7,https://10.1.33.80/report-khorasan-razavi/daily_report_kh-razavi_2020-11-12.csv
2020-11-02,1399-08-12,1399,08,315,37.6,352.6,https://10.1.33.80/report-khorasan-razavi/daily_report_kh-razavi_2020-11-02.csv
2020-11-04,1399-08-14,1399,08,325.7,38.8,364.5,https://10.1.33.80/report-khorasan-razavi/daily_report_kh-razavi_2020-11-04.csv
2020-11-05,1399-08-15,1399,08,308.3,34.9,343.2,https://10.1.33.80/report-khorasan-razavi/daily_report_kh-razavi_2020-11-05.csv
2020-11-03,1399-08-13,1399,08,300.9,33.3,334.2,https://10.1.33.80/report-khorasan-razavi/daily_report_kh-razavi_2020-11-03.csv
2020-11-07,1399-08-17,1399,08,315.6,37.9,353.5,https://10.1.33.80/report-khorasan-razavi/daily_report_kh-razavi_2020-11-07.csv
2021-07-16,1400-04-25,1400,04,528.7,52.4,581.1,https://10.1.33.80/report-khorasan-razavi/daily_report_kh-razavi_2021-07-16.csv
2021-05-29,1400-03-08,1400,03,530,52.9,582.9,https://10.1.33.80/report-khorasan-razavi/daily_report_kh-razavi_2021-05-29.csv
2021-05-31,1400-03-10,1400,03,501.2,50,551.2,https://10.1.33.80/report-khorasan-razavi/daily_report_kh-razavi_2021-05-31.csv
2021-05-24,1400-03-03,1400,03,984.1,103,1087.1,https://10.1.33.80/report-khorasan-razavi/daily_report_kh-razavi_2021-05-24.csv
2020-11-06,1399-08-16,1399,08,297.3,33.1,330.4,https://10.1.33.80/report-khorasan-razavi/daily_report_kh-razavi_2020-11-06.csv
2021-05-03,1400-02-13,1400,02,404.8,43.3,448.1,https://10.1.33.80/report-khorasan-razavi/daily_report_kh-razavi_2021-05-03.csv
2020-11-08,1399-08-18,1399,08,305.7,37.8,343.5,https://10.1.33.80/report-khorasan-razavi/daily_report_kh-razavi_2020-11-08.csv
2020-11-09,1399-08-19,1399,08,307.4,38,345.4,https://10.1.33.80/report-khorasan-razavi/daily_report_kh-razavi_2020-11-09.csv
2021-05-06,1400-02-16,1400,02,784.5,82.7,867.2,https://10.1.33.80/report-khorasan-razavi/daily_report_kh-razavi_2021-05-06.csv
2021-04-30,1400-02-10,1400,02,753.1,76.8,829.9,https://10.1.33.80/report-khorasan-razavi/daily_report_kh-razavi_2021-04-30.csv
2021-05-07,1400-02-17,1400,02,408.7,40.6,449.3,https://10.1.33.80/report-khorasan-razavi/daily_report_kh-razavi_2021-05-07.csv
2021-05-04,1400-02-14,1400,02,754.6,77.7,832.3,https://10.1.33.80/report-khorasan-razavi/daily_report_kh-razavi_2021-05-04.csv
2021-05-05,1400-02-15,1400,02,445.2,47.7,492.9,https://10.1.33.80/report-khorasan-razavi/daily_report_kh-razavi_2021-05-05.csv
2021-07-06,1400-04-15,1400,04,446.8,46.4,493.2,https://10.1.33.80/report-khorasan-razavi/daily_report_kh-razavi_2021-07-06.csv
2021-05-25,1400-03-04,1400,03,529.2,53.3,582.5,https://10.1.33.80/report-khorasan-razavi/daily_report_kh-razavi_2021-05-25.csv
2021-07-08,1400-04-17,1400,04,532.2,52.8,585,https://10.1.33.80/report-khorasan-razavi/daily_report_kh-razavi_2021-07-08.csv
2021-06-30,1400-04-09,1400,04,546.8,55.8,602.6,https://10.1.33.80/report-khorasan-razavi/daily_report_kh-razavi_2021-06-30.csv
2020-11-10,1399-08-20,1399,08,322.3,39.1,361.4,https://10.1.33.80/report-khorasan-razavi/daily_report_kh-razavi_2020-11-10.csv
2021-07-10,1400-04-19,1400,04,569.1,58.5,627.6,https://10.1.33.80/report-khorasan-razavi/daily_report_kh-razavi_2021-07-10.csv
2021-07-09,1400-04-18,1400,04,1021.7,101.2,1122.9,https://10.1.33.80/report-khorasan-razavi/daily_report_kh-razavi_2021-07-09.csv
2021-05-30,1400-03-09,1400,03,1001.2,99.8,1101,https://10.1.33.80/report-khorasan-razavi/daily_report_kh-razavi_2021-05-30.csv
2021-06-06,1400-03-16,1400,03,539.8,52.6,592.4,https://10.1.33.80/report-khorasan-razavi/daily_report_kh-razavi_2021-06-06.csv
2021-06-07,1400-03-17,1400,03,1054.6,105.7,1160.3,https://10.1.33.80/report-khorasan-razavi/daily_report_kh-razavi_2021-06-07.csv
2021-06-01,1400-03-11,1400,03,992,99.3,1091.3,https://10.1.33.80/report-khorasan-razavi/daily_report_kh-razavi_2021-06-01.csv
2020-11-16,1399-08-26,1399,08,326.8,39.9,366.7,https://10.1.33.80/report-khorasan-razavi/daily_report_kh-razavi_2020-11-16.csv
2021-06-29,1400-04-08,1400,04,1071.7,110.4,1182.1,https://10.1.33.80/report-khorasan-razavi/daily_report_kh-razavi_2021-06-29.csv
2021-07-01,1400-04-10,1400,04,1027.3,104.5,1131.8,https://10.1.33.80/report-khorasan-razavi/daily_report_kh-razavi_2021-07-01.csv
2021-06-08,1400-03-18,1400,03,570.9,58,628.9,https://10.1.33.80/report-khorasan-razavi/daily_report_kh-razavi_2021-06-08.csv
2021-06-25,1400-04-04,1400,04,1004.1,100.8,1104.9,https://10.1.33.80/report-khorasan-razavi/daily_report_kh-razavi_2021-06-25.csv
2021-07-03,1400-04-12,1400,04,1029.9,103.4,1133.3,https://10.1.33.80/report-khorasan-razavi/daily_report_kh-razavi_2021-07-03.csv
2021-06-26,1400-04-05,1400,04,560.9,57.5,618.4,https://10.1.33.80/report-khorasan-razavi/daily_report_kh-razavi_2021-06-26.csv
2021-06-27,1400-04-06,1400,04,1070,110.2,1180.2,https://10.1.33.80/report-khorasan-razavi/daily_report_kh-razavi_2021-06-27.csv
2021-06-28,1400-04-07,1400,04,561.3,57.9,619.2,https://10.1.33.80/report-khorasan-razavi/daily_report_kh-razavi_2021-06-28.csv
2020-11-20,1399-08-30,1399,08,327.7,35.3,363,https://10.1.33.80/report-khorasan-razavi/daily_report_kh-razavi_2020-11-20.csv
2020-11-17,1399-08-27,1399,08,317.9,38.3,356.2,https://10.1.33.80/report-khorasan-razavi/daily_report_kh-razavi_2020-11-17.csv
2021-07-02,1400-04-11,1400,04,520.5,50.9,571.4,https://10.1.33.80/report-khorasan-razavi/daily_report_kh-razavi_2021-07-02.csv
2021-07-05,1400-04-14,1400,04,684.7,70.9,755.6,https://10.1.33.80/report-khorasan-razavi/daily_report_kh-razavi_2021-07-05.csv
2020-11-18,1399-08-28,1399,08,337.2,40.5,377.7,https://10.1.33.80/report-khorasan-razavi/daily_report_kh-razavi_2020-11-18.csv
2021-07-07,1400-04-16,1400,04,946.6,97.5,1044.1,https://10.1.33.80/report-khorasan-razavi/daily_report_kh-razavi_2021-07-07.csv
2020-11-23,1399-09-03,1399,09,353.8,42.5,396.3,https://10.1.33.80/report-khorasan-razavi/daily_report_kh-razavi_2020-11-23.csv
2020-11-14,1399-08-24,1399,08,333.9,40.4,374.3,https://10.1.33.80/report-khorasan-razavi/daily_report_kh-razavi_2020-11-14.csv
2020-11-13,1399-08-23,1399,08,309.5,34.3,343.8,https://10.1.33.80/report-khorasan-razavi/daily_report_kh-razavi_2020-11-13.csv
2020-11-15,1399-08-25,1399,08,332.6,39.9,372.5,https://10.1.33.80/report-khorasan-razavi/daily_report_kh-razavi_2020-11-15.csv
2020-11-19,1399-08-29,1399,08,318.4,36.3,354.7,https://10.1.33.80/report-khorasan-razavi/daily_report_kh-razavi_2020-11-19.csv
2020-11-25,1399-09-05,1399,09,350.8,42.2,393,https://10.1.33.80/report-khorasan-razavi/daily_report_kh-razavi_2020-11-25.csv
2020-11-21,1399-09-01,1399,09,360.9,43.1,404,https://10.1.33.80/report-khorasan-razavi/daily_report_kh-razavi_2020-11-21.csv
2020-12-20,1399-09-30,1399,09,336,44.1,380.1,https://10.1.33.80/report-khorasan-razavi/daily_report_kh-razavi_2020-12-20.csv
2020-11-22,1399-09-02,1399,09,368.2,44.5,412.7,https://10.1.33.80/report-khorasan-razavi/daily_report_kh-razavi_2020-11-22.csv
2020-12-17,1399-09-27,1399,09,327.3,39.8,367.1,https://10.1.33.80/report-khorasan-razavi/daily_report_kh-razavi_2020-12-17.csv
2020-12-21,1399-10-01,1399,10,330.6,43.3,373.9,https://10.1.33.80/report-khorasan-razavi/daily_report_kh-razavi_2020-12-21.csv
2020-12-26,1399-10-06,1399,10,356.3,44.8,401.1,https://10.1.33.80/report-khorasan-razavi/daily_report_kh-razavi_2020-12-26.csv
2020-11-24,1399-09-04,1399,09,354.8,42.8,397.6,https://10.1.33.80/report-khorasan-razavi/daily_report_kh-razavi_2020-11-24.csv
2020-12-15,1399-09-25,1399,09,350.2,43.8,394,https://10.1.33.80/report-khorasan-razavi/daily_report_kh-razavi_2020-12-15.csv
2020-12-23,1399-10-03,1399,10,335.8,42.7,378.5,https://10.1.33.80/report-khorasan-razavi/daily_report_kh-razavi_2020-12-23.csv
2020-12-16,1399-09-26,1399,09,346.6,43,389.6,https://10.1.33.80/report-khorasan-razavi/daily_report_kh-razavi_2020-12-16.csv
2020-12-19,1399-09-29,1399,09,368,47,415,https://10.1.33.80/report-khorasan-razavi/daily_report_kh-razavi_2020-12-19.csv
2020-12-18,1399-09-28,1399,09,325.2,38.4,363.6,https://10.1.33.80/report-khorasan-razavi/daily_report_kh-razavi_2020-12-18.csv
2021-03-13,1399-12-23,1399,12,815,86.3,901.3,https://10.1.33.80/report-khorasan-razavi/daily_report_kh-razavi_2021-03-13.csv
2021-02-20,1399-12-02,1399,12,414.8,47.9,462.7,https://10.1.33.80/report-khorasan-razavi/daily_report_kh-razavi_2021-02-20.csv
2021-01-25,1399-11-06,1399,11,399.1,48.6,447.7,https://10.1.33.80/report-khorasan-razavi/daily_report_kh-razavi_2021-01-25.csv
2021-02-18,1399-11-30,1399,11,364.8,42.5,407.3,https://10.1.33.80/report-khorasan-razavi/daily_report_kh-razavi_2021-02-18.csv
2021-02-21,1399-12-03,1399,12,768,89.3,857.3,https://10.1.33.80/report-khorasan-razavi/daily_report_kh-razavi_2021-02-21.csv
2021-03-11,1399-12-21,1399,12,732,77.7,809.7,https://10.1.33.80/report-khorasan-razavi/daily_report_kh-razavi_2021-03-11.csv
2021-02-27,1399-12-09,1399,12,764.7,83.7,848.4,https://10.1.33.80/report-khorasan-razavi/daily_report_kh-razavi_2021-02-27.csv
2021-02-28,1399-12-10,1399,12,412.8,47.1,459.9,https://10.1.33.80/report-khorasan-razavi/daily_report_kh-razavi_2021-02-28.csv
2021-03-07,1399-12-17,1399,12,788.8,89.9,878.7,https://10.1.33.80/report-khorasan-razavi/daily_report_kh-razavi_2021-03-07.csv
2021-03-05,1399-12-15,1399,12,720.1,76.7,796.8,https://10.1.33.80/report-khorasan-razavi/daily_report_kh-razavi_2021-03-05.csv
2021-03-09,1399-12-19,1399,12,766,87,853,https://10.1.33.80/report-khorasan-razavi/daily_report_kh-razavi_2021-03-09.csv
2021-02-19,1399-12-01,1399,12,667.9,76,743.9,https://10.1.33.80/report-khorasan-razavi/daily_report_kh-razavi_2021-02-19.csv
2021-02-17,1399-11-29,1399,11,722.1,85.6,807.7,https://10.1.33.80/report-khorasan-razavi/daily_report_kh-razavi_2021-02-17.csv
2021-02-22,1399-12-04,1399,12,389.8,45.9,435.7,https://10.1.33.80/report-khorasan-razavi/daily_report_kh-razavi_2021-02-22.csv
2021-03-06,1399-12-16,1399,12,438.6,49.2,487.8,https://10.1.33.80/report-khorasan-razavi/daily_report_kh-razavi_2021-03-06.csv
2021-02-24,1399-12-06,1399,12,380.1,43,423.1,https://10.1.33.80/report-khorasan-razavi/daily_report_kh-razavi_2021-02-24.csv
2021-03-08,1399-12-18,1399,12,409.7,46.5,456.2,https://10.1.33.80/report-khorasan-razavi/daily_report_kh-razavi_2021-03-08.csv
2021-03-12,1399-12-22,1399,12,410.9,41.9,452.8,https://10.1.33.80/report-khorasan-razavi/daily_report_kh-razavi_2021-03-12.csv
2021-02-25,1399-12-07,1399,12,712.9,78.8,791.7,https://10.1.33.80/report-khorasan-razavi/daily_report_kh-razavi_2021-02-25.csv
2021-03-02,1399-12-12,1399,12,425.8,48,473.8,https://10.1.33.80/report-khorasan-razavi/daily_report_kh-razavi_2021-03-02.csv
2021-02-11,1399-11-23,1399,11,704.2,76.5,780.7,https://10.1.33.80/report-khorasan-razavi/daily_report_kh-razavi_2021-02-11.csv
2021-02-16,1399-11-28,1399,11,381.5,45.3,426.8,https://10.1.33.80/report-khorasan-razavi/daily_report_kh-razavi_2021-02-16.csv
2021-01-28,1399-11-09,1399,11,722.6,85.3,807.9,https://10.1.33.80/report-khorasan-razavi/daily_report_kh-razavi_2021-01-28.csv
2021-01-19,1399-10-30,1399,10,372.3,47,419.3,https://10.1.33.80/report-khorasan-razavi/daily_report_kh-razavi_2021-01-19.csv
2021-02-26,1399-12-08,1399,12,394.2,41.4,435.6,https://10.1.33.80/report-khorasan-razavi/daily_report_kh-razavi_2021-02-26.csv
2021-03-04,1399-12-14,1399,12,398.9,42.7,441.6,https://10.1.33.80/report-khorasan-razavi/daily_report_kh-razavi_2021-03-04.csv
2021-03-15,1399-12-25,1399,12,735.3,81,816.3,https://10.1.33.80/report-khorasan-razavi/daily_report_kh-razavi_2021-03-15.csv
2021-03-01,1399-12-11,1399,12,756.9,87.3,844.2,https://10.1.33.80/report-khorasan-razavi/daily_report_kh-razavi_2021-03-01.csv
2021-01-29,1399-11-10,1399,11,364.6,41.4,406,https://10.1.33.80/report-khorasan-razavi/daily_report_kh-razavi_2021-01-29.csv
2021-01-27,1399-11-08,1399,11,404.4,48.1,452.5,https://10.1.33.80/report-khorasan-razavi/daily_report_kh-razavi_2021-01-27.csv
2021-01-22,1399-11-03,1399,11,702,82.5,784.5,https://10.1.33.80/report-khorasan-razavi/daily_report_kh-razavi_2021-01-22.csv
2021-02-15,1399-11-27,1399,11,753.2,88.6,841.8,https://10.1.33.80/report-khorasan-razavi/daily_report_kh-razavi_2021-02-15.csv
2021-03-03,1399-12-13,1399,12,785.1,88.4,873.5,https://10.1.33.80/report-khorasan-razavi/daily_report_kh-razavi_2021-03-03.csv
2021-02-23,1399-12-05,1399,12,729.6,86.1,815.7,https://10.1.33.80/report-khorasan-razavi/daily_report_kh-razavi_2021-02-23.csv
2020-12-29,1399-10-09,1399,10,344.1,44.3,388.4,https://10.1.33.80/report-khorasan-razavi/daily_report_kh-razavi_2020-12-29.csv
2021-01-17,1399-10-28,1399,10,330.6,39.5,370.1,https://10.1.33.80/report-khorasan-razavi/daily_report_kh-razavi_2021-01-17.csv
2021-01-26,1399-11-07,1399,11,744.3,90.5,834.8,https://10.1.33.80/report-khorasan-razavi/daily_report_kh-razavi_2021-01-26.csv
2021-01-18,1399-10-29,1399,10,657.9,80.4,738.3,https://10.1.33.80/report-khorasan-razavi/daily_report_kh-razavi_2021-01-18.csv
2021-03-19,1399-12-29,1399,12,667.2,68.4,735.6,https://10.1.33.80/report-khorasan-razavi/daily_report_kh-razavi_2021-03-19.csv
2021-02-02,1399-11-14,1399,11,401.1,48.5,449.6,https://10.1.33.80/report-khorasan-razavi/daily_report_kh-razavi_2021-02-02.csv
2021-03-27,1400-01-07,1400,01,665,66.3,731.3,https://10.1.33.80/report-khorasan-razavi/daily_report_kh-razavi_2021-03-27.csv
2021-01-23,1399-11-04,1399,11,395.4,48.8,444.2,https://10.1.33.80/report-khorasan-razavi/daily_report_kh-razavi_2021-01-23.csv
2021-03-26,1400-01-06,1400,01,354.4,34.7,389.1,https://10.1.33.80/report-khorasan-razavi/daily_report_kh-razavi_2021-03-26.csv
2021-02-09,1399-11-21,1399,11,752.5,88.6,841.1,https://10.1.33.80/report-khorasan-razavi/daily_report_kh-razavi_2021-02-09.csv
2021-02-14,1399-11-26,1399,11,410.5,47.6,458.1,https://10.1.33.80/report-khorasan-razavi/daily_report_kh-razavi_2021-02-14.csv
2021-03-30,1400-01-10,1400,01,390.8,38.3,429.1,https://10.1.33.80/report-khorasan-razavi/daily_report_kh-razavi_2021-03-30.csv
2021-03-29,1400-01-09,1400,01,697,70,767,https://10.1.33.80/report-khorasan-razavi/daily_report_kh-razavi_2021-03-29.csv
2021-02-04,1399-11-16,1399,11,382.1,44.2,426.3,https://10.1.33.80/report-khorasan-razavi/daily_report_kh-razavi_2021-02-04.csv
2021-09-27,1400-07-05,1400,07,1153.9,117.7,1271.6,https://10.1.33.80/report-khorasan-razavi/daily_report_kh-razavi_2021-09-27.csv
2021-09-20,1400-06-29,1400,06,604.2,60.9,665.1,https://10.1.33.80/report-khorasan-razavi/daily_report_kh-razavi_2021-09-20.csv
2021-09-22,1400-06-31,1400,06,606.9,61.6,668.5,https://10.1.33.80/report-khorasan-razavi/daily_report_kh-razavi_2021-09-22.csv
2021-07-30,1400-05-08,1400,05,582.9,55,637.9,https://10.1.33.80/report-khorasan-razavi/daily_report_kh-razavi_2021-07-30.csv
2021-09-17,1400-06-26,1400,06,1102.9,106.9,1209.8,https://10.1.33.80/report-khorasan-razavi/daily_report_kh-razavi_2021-09-17.csv
2021-08-31,1400-06-09,1400,06,625.6,61.7,687.3,https://10.1.33.80/report-khorasan-razavi/daily_report_kh-razavi_2021-08-31.csv
2020-12-28,1399-10-08,1399,10,339.4,44.2,383.6,https://10.1.33.80/report-khorasan-razavi/daily_report_kh-razavi_2020-12-28.csv
2021-03-20,1399-12-30,1399,12,342.5,37.4,379.9,https://10.1.33.80/report-khorasan-razavi/daily_report_kh-razavi_2021-03-20.csv
2021-01-16,1399-10-27,1399,10,668.3,80.1,748.4,https://10.1.33.80/report-khorasan-razavi/daily_report_kh-razavi_2021-01-16.csv
2020-12-30,1399-10-10,1399,10,337.1,43.8,380.9,https://10.1.33.80/report-khorasan-razavi/daily_report_kh-razavi_2020-12-30.csv
2020-12-27,1399-10-07,1399,10,338,43.8,381.8,https://10.1.33.80/report-khorasan-razavi/daily_report_kh-razavi_2020-12-27.csv
2021-01-20,1399-11-01,1399,11,694.8,87.4,782.2,https://10.1.33.80/report-khorasan-razavi/daily_report_kh-razavi_2021-01-20.csv
2021-01-21,1399-11-02,1399,11,385.4,45.8,431.2,https://10.1.33.80/report-khorasan-razavi/daily_report_kh-razavi_2021-01-21.csv
2021-01-30,1399-11-11,1399,11,719.2,84.4,803.6,https://10.1.33.80/report-khorasan-razavi/daily_report_kh-razavi_2021-01-30.csv
2021-01-31,1399-11-12,1399,11,407.9,49.3,457.2,https://10.1.33.80/report-khorasan-razavi/daily_report_kh-razavi_2021-01-31.csv
2020-12-24,1399-10-04,1399,10,327.4,38.1,365.5,https://10.1.33.80/report-khorasan-razavi/daily_report_kh-razavi_2020-12-24.csv
2021-01-24,1399-11-05,1399,11,738.8,91.1,829.9,https://10.1.33.80/report-khorasan-razavi/daily_report_kh-razavi_2021-01-24.csv
2021-03-22,1400-01-02,1400,01,333.8,33.3,367.1,https://10.1.33.80/report-khorasan-razavi/daily_report_kh-razavi_2021-03-22.csv
2020-12-13,1399-09-23,1399,09,355.9,43.9,399.8,https://10.1.33.80/report-khorasan-razavi/daily_report_kh-razavi_2020-12-13.csv
2020-12-25,1399-10-05,1399,10,333.7,38.1,371.8,https://10.1.33.80/report-khorasan-razavi/daily_report_kh-razavi_2020-12-25.csv
2020-12-22,1399-10-02,1399,10,342.9,44.2,387.1,https://10.1.33.80/report-khorasan-razavi/daily_report_kh-razavi_2020-12-22.csv
2020-12-08,1399-09-18,1399,09,357,43.6,400.6,https://10.1.33.80/report-khorasan-razavi/daily_report_kh-razavi_2020-12-08.csv
2020-12-10,1399-09-20,1399,09,336,38.9,374.9,https://10.1.33.80/report-khorasan-razavi/daily_report_kh-razavi_2020-12-10.csv
2021-01-04,1399-10-15,1399,10,339.5,44,383.5,https://10.1.33.80/report-khorasan-razavi/daily_report_kh-razavi_2021-01-04.csv
2021-02-13,1399-11-25,1399,11,706.9,79.5,786.4,https://10.1.33.80/report-khorasan-razavi/daily_report_kh-razavi_2021-02-13.csv
2021-02-08,1399-11-20,1399,11,408.7,48.6,457.3,https://10.1.33.80/report-khorasan-razavi/daily_report_kh-razavi_2021-02-08.csv
2021-02-12,1399-11-24,1399,11,354.8,38.2,393,https://10.1.33.80/report-khorasan-razavi/daily_report_kh-razavi_2021-02-12.csv
2021-02-10,1399-11-22,1399,11,383.8,41.1,424.9,https://10.1.33.80/report-khorasan-razavi/daily_report_kh-razavi_2021-02-10.csv
2021-02-05,1399-11-17,1399,11,691,79,770,https://10.1.33.80/report-khorasan-razavi/daily_report_kh-razavi_2021-02-05.csv
2021-02-06,1399-11-18,1399,11,429.2,51.1,480.3,https://10.1.33.80/report-khorasan-razavi/daily_report_kh-razavi_2021-02-06.csv
2021-02-01,1399-11-13,1399,11,752.8,91.6,844.4,https://10.1.33.80/report-khorasan-razavi/daily_report_kh-razavi_2021-02-01.csv
2021-01-03,1399-10-14,1399,10,333.8,43.8,377.6,https://10.1.33.80/report-khorasan-razavi/daily_report_kh-razavi_2021-01-03.csv
2021-02-03,1399-11-15,1399,11,741,90.5,831.5,https://10.1.33.80/report-khorasan-razavi/daily_report_kh-razavi_2021-02-03.csv
2021-01-07,1399-10-18,1399,10,324.8,40.1,364.9,https://10.1.33.80/report-khorasan-razavi/daily_report_kh-razavi_2021-01-07.csv
2021-01-09,1399-10-20,1399,10,349.7,44.4,394.1,https://10.1.33.80/report-khorasan-razavi/daily_report_kh-razavi_2021-01-09.csv
2021-02-07,1399-11-19,1399,11,787.6,94.4,882,https://10.1.33.80/report-khorasan-razavi/daily_report_kh-razavi_2021-02-07.csv
2020-11-29,1399-09-09,1399,09,349.6,42.6,392.2,https://10.1.33.80/report-khorasan-razavi/daily_report_kh-razavi_2020-11-29.csv
2020-11-27,1399-09-07,1399,09,325.3,36,361.3,https://10.1.33.80/report-khorasan-razavi/daily_report_kh-razavi_2020-11-27.csv
2020-11-30,1399-09-10,1399,09,351.9,43,394.9,https://10.1.33.80/report-khorasan-razavi/daily_report_kh-razavi_2020-11-30.csv
2021-01-11,1399-10-22,1399,10,347.3,43.9,391.2,https://10.1.33.80/report-khorasan-razavi/daily_report_kh-razavi_2021-01-11.csv
2020-12-03,1399-09-13,1399,09,276.6,33.2,309.8,https://10.1.33.80/report-khorasan-razavi/daily_report_kh-razavi_2020-12-03.csv
2021-01-13,1399-10-24,1399,10,382.5,46.3,428.8,https://10.1.33.80/report-khorasan-razavi/daily_report_kh-razavi_2021-01-13.csv
2020-12-09,1399-09-19,1399,09,354.5,42.8,397.3,https://10.1.33.80/report-khorasan-razavi/daily_report_kh-razavi_2020-12-09.csv
2021-01-15,1399-10-26,1399,10,346.6,40.2,386.8,https://10.1.33.80/report-khorasan-razavi/daily_report_kh-razavi_2021-01-15.csv
2021-01-01,1399-10-12,1399,10,317.6,38.1,355.7,https://10.1.33.80/report-khorasan-razavi/daily_report_kh-razavi_2021-01-01.csv
2021-01-02,1399-10-13,1399,10,339.6,44.3,383.9,https://10.1.33.80/report-khorasan-razavi/daily_report_kh-razavi_2021-01-02.csv
2020-11-26,1399-09-06,1399,09,322.7,38.1,360.8,https://10.1.33.80/report-khorasan-razavi/daily_report_kh-razavi_2020-11-26.csv
2020-12-11,1399-09-21,1399,09,327.9,37.1,365,https://10.1.33.80/report-khorasan-razavi/daily_report_kh-razavi_2020-12-11.csv
2020-12-12,1399-09-22,1399,09,364.3,44.9,409.2,https://10.1.33.80/report-khorasan-razavi/daily_report_kh-razavi_2020-12-12.csv
2020-12-14,1399-09-24,1399,09,345.5,43.2,388.7,https://10.1.33.80/report-khorasan-razavi/daily_report_kh-razavi_2020-12-14.csv
2020-12-01,1399-09-11,1399,09,354.4,43.3,397.7,https://10.1.33.80/report-khorasan-razavi/daily_report_kh-razavi_2020-12-01.csv
2021-01-14,1399-10-25,1399,10,688.5,82.8,771.3,https://10.1.33.80/report-khorasan-razavi/daily_report_kh-razavi_2021-01-14.csv
2021-01-06,1399-10-17,1399,10,320.2,41.3,361.5,https://10.1.33.80/report-khorasan-razavi/daily_report_kh-razavi_2021-01-06.csv
2020-12-04,1399-09-14,1399,09,317.9,35.8,353.7,https://10.1.33.80/report-khorasan-razavi/daily_report_kh-razavi_2020-12-04.csv
2021-01-10,1399-10-21,1399,10,342.7,43.5,386.2,https://10.1.33.80/report-khorasan-razavi/daily_report_kh-razavi_2021-01-10.csv
2021-01-08,1399-10-19,1399,10,319.1,38.1,357.2,https://10.1.33.80/report-khorasan-razavi/daily_report_kh-razavi_2021-01-08.csv
2021-01-12,1399-10-23,1399,10,344.3,43,387.3,https://10.1.33.80/report-khorasan-razavi/daily_report_kh-razavi_2021-01-12.csv
2021-01-05,1399-10-16,1399,10,343.7,43.6,387.3,https://10.1.33.80/report-khorasan-razavi/daily_report_kh-razavi_2021-01-05.csv
2020-11-28,1399-09-08,1399,09,352.4,42.6,395,https://10.1.33.80/report-khorasan-razavi/daily_report_kh-razavi_2020-11-28.csv
2020-12-07,1399-09-17,1399,09,352.3,43.8,396.1,https://10.1.33.80/report-khorasan-razavi/daily_report_kh-razavi_2020-12-07.csv
2021-06-17,1400-03-27,1400,03,1027.4,110.6,1138,https://10.1.33.80/report-khorasan-razavi/daily_report_kh-razavi_2021-06-17.csv
2021-06-19,1400-03-29,1400,03,1000.5,106.5,1107,https://10.1.33.80/report-khorasan-razavi/daily_report_kh-razavi_2021-06-19.csv
2020-12-06,1399-09-16,1399,09,345.8,43.1,388.9,https://10.1.33.80/report-khorasan-razavi/daily_report_kh-razavi_2020-12-06.csv
2020-12-05,1399-09-15,1399,09,347.8,42.9,390.7,https://10.1.33.80/report-khorasan-razavi/daily_report_kh-razavi_2020-12-05.csv
2020-12-31,1399-10-11,1399,10,323.5,40,363.5,https://10.1.33.80/report-khorasan-razavi/daily_report_kh-razavi_2020-12-31.csv
2021-06-12,1400-03-22,1400,03,570.4,60.8,631.2,https://10.1.33.80/report-khorasan-razavi/daily_report_kh-razavi_2021-06-12.csv
2021-06-10,1400-03-20,1400,03,555.1,56.1,611.2,https://10.1.33.80/report-khorasan-razavi/daily_report_kh-razavi_2021-06-10.csv
2021-06-09,1400-03-19,1400,03,1095.8,112.1,1207.9,https://10.1.33.80/report-khorasan-razavi/daily_report_kh-razavi_2021-06-09.csv
2021-03-31,1400-01-11,1400,01,696.5,68.5,765,https://10.1.33.80/report-khorasan-razavi/daily_report_kh-razavi_2021-03-31.csv
2021-05-02,1400-02-12,1400,02,795.7,85.4,881.1,https://10.1.33.80/report-khorasan-razavi/daily_report_kh-razavi_2021-05-02.csv
2021-04-23,1400-02-03,1400,02,421.5,42.8,464.3,https://10.1.33.80/report-khorasan-razavi/daily_report_kh-razavi_2021-04-23.csv
2021-04-25,1400-02-05,1400,02,463.7,50.4,514.1,https://10.1.33.80/report-khorasan-razavi/daily_report_kh-razavi_2021-04-25.csv
2021-04-28,1400-02-08,1400,02,816.9,89.4,906.3,https://10.1.33.80/report-khorasan-razavi/daily_report_kh-razavi_2021-04-28.csv
2021-04-27,1400-02-07,1400,02,816.9,89.4,906.3,https://10.1.33.80/report-khorasan-razavi/daily_report_kh-razavi_2021-04-27.csv
2021-04-29,1400-02-09,1400,02,753.1,76.8,829.9,https://10.1.33.80/report-khorasan-razavi/daily_report_kh-razavi_2021-04-29.csv
2021-07-20,1400-04-29,1400,04,566,57.2,623.2,https://10.1.33.80/report-khorasan-razavi/daily_report_kh-razavi_2021-07-20.csv
2021-09-18,1400-06-27,1400,06,603.7,62.2,665.9,https://10.1.33.80/report-khorasan-razavi/daily_report_kh-razavi_2021-09-18.csv
2021-09-16,1400-06-25,1400,06,594.1,57.4,651.5,https://10.1.33.80/report-khorasan-razavi/daily_report_kh-razavi_2021-09-16.csv
2021-09-15,1400-06-24,1400,06,1152.4,115.1,1267.5,https://10.1.33.80/report-khorasan-razavi/daily_report_kh-razavi_2021-09-15.csv
2021-09-14,1400-06-23,1400,06,611,61.3,672.3,https://10.1.33.80/report-khorasan-razavi/daily_report_kh-razavi_2021-09-14.csv
2021-08-25,1400-06-03,1400,06,614,61.9,675.9,https://10.1.33.80/report-khorasan-razavi/daily_report_kh-razavi_2021-08-25.csv
2021-08-07,1400-05-16,1400,05,633.4,62.7,696.1,https://10.1.33.80/report-khorasan-razavi/daily_report_kh-razavi_2021-08-07.csv
2021-08-08,1400-05-17,1400,05,1201,119.2,1320.2,https://10.1.33.80/report-khorasan-razavi/daily_report_kh-razavi_2021-08-08.csv
2021-10-07,1400-07-15,1400,07,1092.5,110,1202.5,https://10.1.33.80/report-khorasan-razavi/daily_report_kh-razavi_2021-10-07.csv
2021-10-09,1400-07-17,1400,07,1124.3,118.1,1242.4,https://10.1.33.80/report-khorasan-razavi/daily_report_kh-razavi_2021-10-09.csv
2021-08-29,1400-06-07,1400,06,615.2,61.6,676.8,https://10.1.33.80/report-khorasan-razavi/daily_report_kh-razavi_2021-08-29.csv
2021-09-01,1400-06-10,1400,06,1198.6,118.6,1317.2,https://10.1.33.80/report-khorasan-razavi/daily_report_kh-razavi_2021-09-01.csv
2021-09-13,1400-06-22,1400,06,1162,118.1,1280.1,https://10.1.33.80/report-khorasan-razavi/daily_report_kh-razavi_2021-09-13.csv
2021-07-26,1400-05-04,1400,05,580.8,60,640.8,https://10.1.33.80/report-khorasan-razavi/daily_report_kh-razavi_2021-07-26.csv
2021-08-02,1400-05-11,1400,05,1158.3,115.3,1273.6,https://10.1.33.80/report-khorasan-razavi/daily_report_kh-razavi_2021-08-02.csv
2021-08-05,1400-05-14,1400,05,610.5,59.1,669.6,https://10.1.33.80/report-khorasan-razavi/daily_report_kh-razavi_2021-08-05.csv
2021-07-27,1400-05-05,1400,05,1113.4,115.2,1228.6,https://10.1.33.80/report-khorasan-razavi/daily_report_kh-razavi_2021-07-27.csv
2021-07-29,1400-05-07,1400,05,1089.3,110.3,1199.6,https://10.1.33.80/report-khorasan-razavi/daily_report_kh-razavi_2021-07-29.csv
2021-08-17,1400-05-26,1400,05,621.7,61.3,683,https://10.1.33.80/report-khorasan-razavi/daily_report_kh-razavi_2021-08-17.csv
2021-08-19,1400-05-28,1400,05,592.6,56.7,649.3,https://10.1.33.80/report-khorasan-razavi/daily_report_kh-razavi_2021-08-19.csv
2021-08-18,1400-05-27,1400,05,1170,114.3,1284.3,https://10.1.33.80/report-khorasan-razavi/daily_report_kh-razavi_2021-08-18.csv
2021-04-10,1400-01-21,1400,01,743.7,79.5,823.2,https://10.1.33.80/report-khorasan-razavi/daily_report_kh-razavi_2021-04-10.csv
2021-07-11,1400-04-20,1400,04,1072.5,110.5,1183,https://10.1.33.80/report-khorasan-razavi/daily_report_kh-razavi_2021-07-11.csv
2021-04-05,1400-01-16,1400,01,428.5,46.2,474.7,https://10.1.33.80/report-khorasan-razavi/daily_report_kh-razavi_2021-04-05.csv
2021-09-19,1400-06-28,1400,06,1154.5,118.4,1272.9,https://10.1.33.80/report-khorasan-razavi/daily_report_kh-razavi_2021-09-19.csv
2021-07-23,1400-05-01,1400,05,1038.2,103.7,1141.9,https://10.1.33.80/report-khorasan-razavi/daily_report_kh-razavi_2021-07-23.csv
2021-09-21,1400-06-30,1400,06,1182.6,119.7,1302.3,https://10.1.33.80/report-khorasan-razavi/daily_report_kh-razavi_2021-09-21.csv
2021-09-24,1400-07-02,1400,07,564.2,55.1,619.3,https://10.1.33.80/report-khorasan-razavi/daily_report_kh-razavi_2021-09-24.csv
2021-09-23,1400-07-01,1400,07,1138.3,115.2,1253.5,https://10.1.33.80/report-khorasan-razavi/daily_report_kh-razavi_2021-09-23.csv
2021-08-26,1400-06-04,1400,06,1168,116.7,1284.7,https://10.1.33.80/report-khorasan-razavi/daily_report_kh-razavi_2021-08-26.csv
2021-09-25,1400-07-03,1400,07,1151.7,116.4,1268.1,https://10.1.33.80/report-khorasan-razavi/daily_report_kh-razavi_2021-09-25.csv
2021-08-27,1400-06-05,1400,06,610.6,57.7,668.3,https://10.1.33.80/report-khorasan-razavi/daily_report_kh-razavi_2021-08-27.csv
2021-08-24,1400-06-02,1400,06,1197.3,119.4,1316.7,https://10.1.33.80/report-khorasan-razavi/daily_report_kh-razavi_2021-08-24.csv
2021-07-21,1400-04-30,1400,04,1058.4,106,1164.4,https://10.1.33.80/report-khorasan-razavi/daily_report_kh-razavi_2021-07-21.csv
2021-07-19,1400-04-28,1400,04,1058.1,112,1170.1,https://10.1.33.80/report-khorasan-razavi/daily_report_kh-razavi_2021-07-19.csv
2021-07-22,1400-04-31,1400,04,547.9,54.4,602.3,https://10.1.33.80/report-khorasan-razavi/daily_report_kh-razavi_2021-07-22.csv
2021-07-18,1400-04-27,1400,04,553.3,58.6,611.9,https://10.1.33.80/report-khorasan-razavi/daily_report_kh-razavi_2021-07-18.csv
2021-09-28,1400-07-06,1400,07,579.9,60.9,640.8,https://10.1.33.80/report-khorasan-razavi/daily_report_kh-razavi_2021-09-28.csv
2021-09-29,1400-07-07,1400,07,1135.4,119.6,1255,https://10.1.33.80/report-khorasan-razavi/daily_report_kh-razavi_2021-09-29.csv
2021-09-26,1400-07-04,1400,07,613.3,63.8,677.1,https://10.1.33.80/report-khorasan-razavi/daily_report_kh-razavi_2021-09-26.csv
2021-08-22,1400-05-31,1400,05,1212.8,118,1330.8,https://10.1.33.80/report-khorasan-razavi/daily_report_kh-razavi_2021-08-22.csv
2021-08-20,1400-05-29,1400,05,1159,111,1270,https://10.1.33.80/report-khorasan-razavi/daily_report_kh-razavi_2021-08-20.csv
2021-08-23,1400-06-01,1400,06,622.8,61.9,684.7,https://10.1.33.80/report-khorasan-razavi/daily_report_kh-razavi_2021-08-23.csv
2021-08-21,1400-05-30,1400,05,631.1,60.9,692,https://10.1.33.80/report-khorasan-razavi/daily_report_kh-razavi_2021-08-21.csv
2021-07-24,1400-05-02,1400,05,573.8,60,633.8,https://10.1.33.80/report-khorasan-razavi/daily_report_kh-razavi_2021-07-24.csv
2021-07-25,1400-05-03,1400,05,1106.9,115.6,1222.5,https://10.1.33.80/report-khorasan-razavi/daily_report_kh-razavi_2021-07-25.csv
2021-07-31,1400-05-09,1400,05,1153.8,111.9,1265.7,https://10.1.33.80/report-khorasan-razavi/daily_report_kh-razavi_2021-07-31.csv
2021-10-10,1400-07-18,1400,07,601.5,65.1,666.6,https://10.1.33.80/report-khorasan-razavi/daily_report_kh-razavi_2021-10-10.csv
2021-07-28,1400-05-06,1400,05,575.3,59.5,634.8,https://10.1.33.80/report-khorasan-razavi/daily_report_kh-razavi_2021-07-28.csv
2021-10-08,1400-07-16,1400,07,544.4,55.3,599.7,https://10.1.33.80/report-khorasan-razavi/daily_report_kh-razavi_2021-10-08.csv
2021-08-03,1400-05-12,1400,05,621.8,61.3,683.1,https://10.1.33.80/report-khorasan-razavi/daily_report_kh-razavi_2021-08-03.csv
2020_07_03,1399-04-13,1399,04,255.8,29.4,285.2,https://10.1.33.80/report-khorasan-razavi/daily_report_khorasan_razavi_2020_07_03.csv
2020_07_02,1399-04-12,1399,04,263,31,294,https://10.1.33.80/report-khorasan-razavi/daily_report_khorasan_razavi_2020_07_02.csv
2021-08-01,1400-05-10,1400,05,601.5,59.6,661.1,https://10.1.33.80/report-khorasan-razavi/daily_report_kh-razavi_2021-08-01.csv
2021-10-05,1400-07-13,1400,07,1015.4,109.5,1124.9,https://10.1.33.80/report-khorasan-razavi/daily_report_kh-razavi_2021-10-05.csv
2021-09-03,1400-06-12,1400,06,1129.9,108.4,1238.3,https://10.1.33.80/report-khorasan-razavi/daily_report_kh-razavi_2021-09-03.csv
2021-10-06,1400-07-14,1400,07,592.5,60.9,653.4,https://10.1.33.80/report-khorasan-razavi/daily_report_kh-razavi_2021-10-06.csv
2021-08-04,1400-05-13,1400,05,1199.7,118,1317.7,https://10.1.33.80/report-khorasan-razavi/daily_report_kh-razavi_2021-08-04.csv
2021-10-03,1400-07-11,1400,07,1172.7,125.8,1298.5,https://10.1.33.80/report-khorasan-razavi/daily_report_kh-razavi_2021-10-03.csv
2021-08-06,1400-05-15,1400,05,1144.6,110.2,1254.8,https://10.1.33.80/report-khorasan-razavi/daily_report_kh-razavi_2021-08-06.csv
2021-10-01,1400-07-09,1400,07,1093.3,110.8,1204.1,https://10.1.33.80/report-khorasan-razavi/daily_report_kh-razavi_2021-10-01.csv
2021-10-02,1400-07-10,1400,07,605.7,65.2,670.9,https://10.1.33.80/report-khorasan-razavi/daily_report_kh-razavi_2021-10-02.csv
2020_07_01,1399-04-11,1399,04,262.4,31,293.4,https://10.1.33.80/report-khorasan-razavi/daily_report_khorasan_razavi_2020_07_01.csv
2021-10-04,1400-07-12,1400,07,506.2,57.7,563.9,https://10.1.33.80/report-khorasan-razavi/daily_report_kh-razavi_2021-10-04.csv
2021-08-28,1400-06-06,1400,06,1179.7,114,1293.7,https://10.1.33.80/report-khorasan-razavi/daily_report_kh-razavi_2021-08-28.csv
2021-09-09,1400-06-18,1400,06,1164.9,115.6,1280.5,https://10.1.33.80/report-khorasan-razavi/daily_report_kh-razavi_2021-09-09.csv
2021-09-06,1400-06-15,1400,06,611.2,60.9,672.1,https://10.1.33.80/report-khorasan-razavi/daily_report_kh-razavi_2021-09-06.csv
2021-09-11,1400-06-20,1400,06,1128.1,110.4,1238.5,https://10.1.33.80/report-khorasan-razavi/daily_report_kh-razavi_2021-09-11.csv
2021-09-04,1400-06-13,1400,06,632,62.2,694.2,https://10.1.33.80/report-khorasan-razavi/daily_report_kh-razavi_2021-09-04.csv
2021-09-30,1400-07-08,1400,07,568.9,58.4,627.3,https://10.1.33.80/report-khorasan-razavi/daily_report_kh-razavi_2021-09-30.csv
2021-09-02,1400-06-11,1400,06,593.2,58.3,651.5,https://10.1.33.80/report-khorasan-razavi/daily_report_kh-razavi_2021-09-02.csv
2021-09-08,1400-06-17,1400,06,619.6,62,681.6,https://10.1.33.80/report-khorasan-razavi/daily_report_kh-razavi_2021-09-08.csv
2021-09-12,1400-06-21,1400,06,599.4,60.8,660.2,https://10.1.33.80/report-khorasan-razavi/daily_report_kh-razavi_2021-09-12.csv
2021-09-05,1400-06-14,1400,06,1197.9,119,1316.9,https://10.1.33.80/report-khorasan-razavi/daily_report_kh-razavi_2021-09-05.csv
2021-09-10,1400-06-19,1400,06,574.3,54.4,628.7,https://10.1.33.80/report-khorasan-razavi/daily_report_kh-razavi_2021-09-10.csv
